iso2,iso3,iso_num,Name (Lancet 2025),Name (Lancet 2026),Name (ISO short),Name (ISO long),Name (WorldBank 2026),Name (UN),Group (Lancet 2025),Group (Lancet 2026),Group (WHO 2025),Group (WHO 2026),Group (HDI 2025),Group (HDI 2026),"Region (IPCC AR6, 6)","Region (IPCC AR6, 10)",Region (WorldBank 2026),Income group (WorldBank 2026),Lending category (WorldBank 2026),Continent (Name),Continent (Code),"Population (Lancet, 2025)",Region (EEA sub-division),Region (UN Europe sub-region),EU member (2025),EEA member (2025)
AW,ABW,533,Aruba,Aruba,Aruba,Aruba,Aruba,Aruba,SIDS,SIDS,Americas,Americas,,,Latin America and Caribbean,Latin America and Caribbean,Latin America & Caribbean,High income,,North America,NA,107995,,,,
AF,AFG,4,Afghanistan,Afghanistan,Afghanistan,Afghanistan,Afghanistan,"Afghanistan, Islamic Republic of",Asia,Asia,Eastern Mediterranean,Eastern Mediterranean,Low,Low,Asia and developing Pacific,Southern Asia,"Middle East, North Africa, Afghanistan & Pakistan",Low income,IDA,Asia,AS,42647492,,,,
AO,AGO,24,Angola,Angola,Angola,Angola,Angola,"Angola, Republic of",Africa,Africa,Africa,Africa,Medium,Medium,Africa,Africa,Sub-Saharan Africa,Lower middle income,IBRD,Africa,AF,37885849,,,,
AI,AIA,660,Anguilla,Anguilla,Anguilla,Anguilla,,Anguilla,SIDS,SIDS,Americas,Americas,,,Latin America and Caribbean,Latin America and Caribbean,,,,North America,NA,,,,,
AX,ALA,248,,,Åland Islands,Åland Islands,,Åland Islands,,,,,,,Developed Countries,Europe,,,,Europe,EU,,,,,
AL,ALB,8,Albania,Albania,Albania,Albania,Albania,"Albania, Republic of",Europe,Europe,Europe,Europe,High,Very High,Developed Countries,Europe,Europe & Central Asia,Upper middle income,IBRD,Europe,EU,2377128,Southern,Southern Europe,Candidate,Cooperating
AD,AND,20,Andorra,Andorra,Andorra,Andorra,Andorra,"Andorra, Principality of",Europe,Europe,Europe,Europe,Very High,Very High,Developed Countries,Europe,Europe & Central Asia,High income,,Europe,EU,81938,Not EEA,Southern Europe,Not EU,Not EEA
AN,ANT,530,,,Netherlands Antilles,Netherlands Antilles,,Netherlands Antilles,,,,,,,Latin America and Caribbean,Latin America and Caribbean,,,,North America,NA,,,,,
AE,ARE,784,United Arab Emirates,United Arab Emirates,United Arab Emirates,United Arab Emirates,United Arab Emirates,United Arab Emirates,Asia,Asia,Eastern Mediterranean,Eastern Mediterranean,Very High,Very High,Middle East,Middle East,"Middle East, North Africa, Afghanistan & Pakistan",High income,,Asia,AS,10986400,,,,
AR,ARG,32,Argentina,Argentina,Argentina,Argentina,Argentina,"Argentina, Argentine Republic",Latin America,Latin America,Americas,Americas,Very High,Very High,Latin America and Caribbean,Latin America and Caribbean,Latin America & Caribbean,Upper middle income,IBRD,South America,SA,45696159,,,,
AM,ARM,51,Armenia,Armenia,Armenia,Armenia,Armenia,"Armenia, Republic of",Asia,Asia,Europe,Europe,High,Very High,Eastern Europe and Central Asia,Eastern Europe and Central Asia,Europe & Central Asia,Upper middle income,IBRD,Asia,AS,3033500,Not EEA,Western Asia,Not EU,Not EEA
AS,ASM,16,American Samoa (USA),American Samoa (USA),American Samoa,American Samoa,American Samoa,American Samoa,SIDS,SIDS,Western Pacific,Western Pacific,,,Asia and developing Pacific,South-East Asia and Pacific,East Asia & Pacific,High income,,Oceania,OC,46765,,,,
AQ,ATA,10,,,Antarctica,Antarctica,,Antarctica (the territory South of 60 deg S),,,,,,,,,,,,Antarctica,AN,,,,,
TF,ATF,260,,,French Southern Territories,French Southern Territories,,French Southern Territories,,,,,,,Africa,Africa,,,,Antarctica,AN,,,,,
AG,ATG,28,Antigua and Barbuda,Antigua and Barbuda,Antigua and Barbuda,Antigua and Barbuda,Antigua and Barbuda,Antigua and Barbuda,SIDS,SIDS,Americas,Americas,Very High,Very High,Latin America and Caribbean,Latin America and Caribbean,Latin America & Caribbean,High income,IBRD,North America,NA,93772,,,,
AU,AUS,36,Australia,Australia,Australia,Australia,Australia,"Australia, Commonwealth of",Oceania,Oceania,Western Pacific,Western Pacific,Very High,Very High,Developed Countries,"Australia, Japan, New Zealand",East Asia & Pacific,High income,,Oceania,OC,27196812,,,,
AT,AUT,40,Austria,Austria,Austria,Austria,Austria,"Austria, Republic of",Europe,Europe,Europe,Europe,Very High,Very High,Developed Countries,Europe,Europe & Central Asia,High income,,Europe,EU,9177982,Western,Western Europe,Member,Member
AZ,AZE,31,Azerbaijan,Azerbaijan,Azerbaijan,Azerbaijan,Azerbaijan,"Azerbaijan, Republic of",Asia,Asia,Europe,Europe,High,High,Eastern Europe and Central Asia,Eastern Europe and Central Asia,Europe & Central Asia,Upper middle income,IBRD,Asia,AS,10202830,Not EEA,Western Asia,Not EU,Not EEA
BI,BDI,108,Burundi,Burundi,Burundi,Burundi,Burundi,"Burundi, Republic of",Africa,Africa,Africa,Africa,Low,Low,Africa,Africa,Sub-Saharan Africa,Low income,IDA,Africa,AF,14047786,,,,
BE,BEL,56,Belgium,Belgium,Belgium,Belgium,Belgium,"Belgium, Kingdom of",Europe,Europe,Europe,Europe,Very High,Very High,Developed Countries,Europe,Europe & Central Asia,High income,,Europe,EU,11858610,Western,Western Europe,Member,Member
BJ,BEN,204,Benin,Benin,Benin,Benin,Benin,"Benin, Republic of",Africa,Africa,Africa,Africa,Low,Low,Africa,Africa,Sub-Saharan Africa,Lower middle income,IDA,Africa,AF,14462724,,,,
BQ,BES,535,,,"Bonaire, Sint Eustatius and Saba","Bonaire, Sint Eustatius and Saba",,"Bonaire, Sint Eustatius and Saba",,,,,,,Latin America and Caribbean,Latin America and Caribbean,,,,North America,NA,,,,,
BF,BFA,854,Burkina Faso,Burkina Faso,Burkina Faso,Burkina Faso,Burkina Faso,Burkina Faso,Africa,Africa,Africa,Africa,Low,Low,Africa,Africa,Sub-Saharan Africa,Low income,IDA,Africa,AF,23548781,,,,
BD,BGD,50,Bangladesh,Bangladesh,Bangladesh,Bangladesh,Bangladesh,"Bangladesh, People's Republic of",Asia,Asia,South-East Asia,South-East Asia,Medium,Medium,Asia and developing Pacific,Southern Asia,South Asia,Lower middle income,IDA,Asia,AS,173562364,,,,
BG,BGR,100,Bulgaria,Bulgaria,Bulgaria,Bulgaria,Bulgaria,"Bulgaria, Republic of",Europe,Europe,Europe,Europe,High,Very High,Developed Countries,Europe,Europe & Central Asia,High income,IBRD,Europe,EU,6441421,Eastern,Eastern Europe,Member,Member
BH,BHR,48,Bahrain,Bahrain,Bahrain,Bahrain,Bahrain,"Bahrain, Kingdom of",Asia,Asia,Eastern Mediterranean,Eastern Mediterranean,Very High,Very High,Middle East,Middle East,"Middle East, North Africa, Afghanistan & Pakistan",High income,,Asia,AS,1588670,,,,
BS,BHS,44,Bahamas,Bahamas,Bahamas,Bahamas (the),"Bahamas, The","Bahamas, Commonwealth of the",SIDS,SIDS,Americas,Americas,Very High,Very High,Latin America and Caribbean,Latin America and Caribbean,Latin America & Caribbean,High income,,North America,NA,401283,,,,
BA,BIH,70,Bosnia and Herzegovina,Bosnia and Herzegovina,Bosnia and Herzegovina,Bosnia and Herzegovina,Bosnia and Herzegovina,Bosnia and Herzegovina,Europe,Europe,Europe,Europe,High,Very High,Developed Countries,Europe,Europe & Central Asia,Upper middle income,IBRD,Europe,EU,3164253,Southern,Southern Europe,Candidate,Cooperating
BL,BLM,652,,,Saint Barthélemy,Saint Barthélemy,,Saint Barthelemy,,,,,,,Latin America and Caribbean,Latin America and Caribbean,,,,North America,NA,,,,,
BY,BLR,112,Belarus,Belarus,Belarus,Belarus,Belarus,"Belarus, Republic of",Europe,Europe,Europe,Europe,Very High,Very High,Eastern Europe and Central Asia,Eastern Europe and Central Asia,Europe & Central Asia,Upper middle income,IBRD,Europe,EU,9132629,Not EEA,Eastern Europe,Not EU,Not EEA
BZ,BLZ,84,Belize,Belize,Belize,Belize,Belize,Belize,SIDS,SIDS,Americas,Americas,High,High,Latin America and Caribbean,Latin America and Caribbean,Latin America & Caribbean,Upper middle income,Blend,North America,NA,417072,,,,
BM,BMU,60,Bermuda,Bermuda,Bermuda,Bermuda,Bermuda,Bermuda,SIDS,SIDS,Americas,Americas,,,Developed Countries,North America,North America,High income,,North America,NA,64636,,,,
BO,BOL,68,Bolivia,Bolivia,Bolivia,Bolivia (Plurinational State of),Bolivia,"Bolivia, Republic of",Latin America,Latin America,Americas,Americas,Medium,High,Latin America and Caribbean,Latin America and Caribbean,Latin America & Caribbean,Lower middle income,IBRD,South America,SA,12413315,,,,
BR,BRA,76,Brazil,Brazil,Brazil,Brazil,Brazil,"Brazil, Federative Republic of",Latin America,Latin America,Americas,Americas,High,High,Latin America and Caribbean,Latin America and Caribbean,Latin America & Caribbean,Upper middle income,IBRD,South America,SA,211998573,,,,
BB,BRB,52,Barbados,Barbados,Barbados,Barbados,Barbados,Barbados,SIDS,SIDS,Americas,Americas,Very High,Very High,Latin America and Caribbean,Latin America and Caribbean,Latin America & Caribbean,High income,IBRD,North America,NA,282467,,,,
BN,BRN,96,Brunei Darussalam,Brunei Darussalam,Brunei Darussalam,Brunei Darussalam,Brunei Darussalam,Brunei Darussalam,Asia,Asia,Western Pacific,Western Pacific,Very High,Very High,Asia and developing Pacific,South-East Asia and Pacific,East Asia & Pacific,High income,,Asia,AS,462721,,,,
BT,BTN,64,Bhutan,Bhutan,Bhutan,Bhutan,Bhutan,"Bhutan, Kingdom of",Asia,Asia,South-East Asia,South-East Asia,Medium,Medium,Asia and developing Pacific,Southern Asia,South Asia,Lower middle income,IDA,Asia,AS,791524,,,,
BV,BVT,74,,,Bouvet Island,Bouvet Island,,Bouvet Island (Bouvetoya),,,,,,,Latin America and Caribbean,Latin America and Caribbean,,,,Antarctica,AN,,,,,
BW,BWA,72,Botswana,Botswana,Botswana,Botswana,Botswana,"Botswana, Republic of",Africa,Africa,Africa,Africa,High,High,Africa,Africa,Sub-Saharan Africa,Upper middle income,IBRD,Africa,AF,2521139,,,,
CF,CAF,140,Central African Republic,Central African Republic,Central African Republic,Central African Republic (the),Central African Republic,Central African Republic,Africa,Africa,Africa,Africa,Low,Low,Africa,Africa,Sub-Saharan Africa,Low income,IDA,Africa,AF,5330690,,,,
CA,CAN,124,Canada,Canada,Canada,Canada,Canada,Canada,Northern America,Northern America,Americas,Americas,Very High,Very High,Developed Countries,North America,North America,High income,,North America,NA,41288599,,,,
CC,CCK,166,,,Cocos (Keeling) Islands,Cocos (Keeling) Islands (the),,Cocos (Keeling) Islands,,,,,,,Developed Countries,"Australia, Japan, New Zealand",,,,Asia,AS,,,,,
CH,CHE,756,Switzerland,Switzerland,Switzerland,Switzerland,Switzerland,"Switzerland, Swiss Confederation",Europe,Europe,Europe,Europe,Very High,Very High,Developed Countries,Europe,Europe & Central Asia,High income,,Europe,EU,9005582,Western,Western Europe,Not EU,Member
,CHI,,,,,,Channel Islands,,,,,,,,,,Europe & Central Asia,High income,,,,,,,,
CL,CHL,152,Chile,Chile,Chile,Chile,Chile,"Chile, Republic of",Latin America,Latin America,Americas,Americas,Very High,Very High,Latin America and Caribbean,Latin America and Caribbean,Latin America & Caribbean,High income,IBRD,South America,SA,19764771,,,,
CN,CHN,156,China,China,China,China,China,"China, People's Republic of",Asia,Asia,Western Pacific,Western Pacific,High,High,Asia and developing Pacific,Eastern Asia,East Asia & Pacific,Upper middle income,IBRD,Asia,AS,1408975000,,,,
CI,CIV,384,Cote d'Ivoire,Cote d'Ivoire,Côte d'Ivoire,Côte d'Ivoire,Côte d’Ivoire,"Cote d'Ivoire, Republic of",Africa,Africa,Africa,Africa,Low,Medium,Africa,Africa,Sub-Saharan Africa,Lower middle income,Blend,Africa,AF,31934230,,,,
CM,CMR,120,Cameroon,Cameroon,Cameroon,Cameroon,Cameroon,"Cameroon, Republic of",Africa,Africa,Africa,Africa,Medium,Medium,Africa,Africa,Sub-Saharan Africa,Lower middle income,Blend,Africa,AF,29123744,,,,
CD,COD,180,Democratic Republic of the Congo,Democratic Republic of the Congo,"Congo, Dem. Rep.",Congo (the Democratic Republic of the),"Congo, Dem. Rep.","Congo, Democratic Republic of the",Africa,Africa,Africa,Africa,Low,Low,Africa,Africa,Sub-Saharan Africa,Low income,IDA,Africa,AF,109276265,,,,
CG,COG,178,Congo,Congo,"Congo, Rep.",Congo (the),"Congo, Rep.","Congo, Republic of the",Africa,Africa,Africa,Africa,Medium,Medium,Africa,Africa,Sub-Saharan Africa,Lower middle income,Blend,Africa,AF,6332961,,,,
CK,COK,184,Cook Islands,Cook Islands,Cook Islands,Cook Islands (the),,Cook Islands,SIDS,SIDS,Western Pacific,Western Pacific,,,Asia and developing Pacific,South-East Asia and Pacific,,,,Oceania,OC,,,,,
CO,COL,170,Colombia,Colombia,Colombia,Colombia,Colombia,"Colombia, Republic of",Latin America,Latin America,Americas,Americas,High,High,Latin America and Caribbean,Latin America and Caribbean,Latin America & Caribbean,Upper middle income,IBRD,South America,SA,52886363,,,,
KM,COM,174,Comoros,Comoros,Comoros,Comoros (the),Comoros,"Comoros, Union of the",SIDS,SIDS,Africa,Africa,Medium,Medium,Africa,Africa,Sub-Saharan Africa,Lower middle income,IDA,Africa,AF,866628,,,,
CV,CPV,132,Cabo Verde,Cabo Verde,Cabo Verde,Cabo Verde,Cabo Verde,"Cape Verde, Republic of",SIDS,SIDS,Africa,Africa,Medium,Medium,Africa,Africa,Sub-Saharan Africa,Upper middle income,Blend,Africa,AF,524877,,,,
CR,CRI,188,Costa Rica,Costa Rica,Costa Rica,Costa Rica,Costa Rica,"Costa Rica, Republic of",Latin America,Latin America,Americas,Americas,Very High,Very High,Latin America and Caribbean,Latin America and Caribbean,Latin America & Caribbean,High income,IBRD,North America,NA,5129910,,,,
CU,CUB,192,Cuba,Cuba,Cuba,Cuba,Cuba,"Cuba, Republic of",SIDS,SIDS,Americas,Americas,High,High,Latin America and Caribbean,Latin America and Caribbean,Latin America & Caribbean,Upper middle income,,North America,NA,10979783,,,,
CW,CUW,531,Curaçao,Curaçao,Curaçao,Curaçao,Curaçao,Curaçao,SIDS,SIDS,Americas,Americas,,,Latin America and Caribbean,Latin America and Caribbean,Latin America & Caribbean,High income,,North America,NA,155967,,,,
CX,CXR,162,,,Christmas Island,Christmas Island,,Christmas Island,,,,,,,Developed Countries,"Australia, Japan, New Zealand",,,,Asia,AS,,,,,
KY,CYM,136,Cayman Islands,Cayman Islands,Cayman Islands,Cayman Islands (the),Cayman Islands,Cayman Islands,SIDS,SIDS,Americas,Americas,,,Latin America and Caribbean,Latin America and Caribbean,Latin America & Caribbean,High income,,North America,NA,74457,,,,
CY,CYP,196,Cyprus,Cyprus,Cyprus,Cyprus,Cyprus,"Cyprus, Republic of",Asia,Asia,Europe,Europe,Very High,Very High,Developed Countries,Europe,Europe & Central Asia,High income,,Asia,AS,1358282,Southern,Western Asia,Member,Member
CZ,CZE,203,Czechia,Czechia,Czechia,Czech Republic,Czechia,Czech Republic,Europe,Europe,Europe,Europe,Very High,Very High,Developed Countries,Europe,Europe & Central Asia,High income,,Europe,EU,10905028,Eastern,Eastern Europe,Member,Member
DE,DEU,276,Germany,Germany,Germany,Germany,Germany,"Germany, Federal Republic of",Europe,Europe,Europe,Europe,Very High,Very High,Developed Countries,Europe,Europe & Central Asia,High income,,Europe,EU,83516593,Western,Western Europe,Member,Member
DJ,DJI,262,Djibouti,Djibouti,Djibouti,Djibouti,Djibouti,"Djibouti, Republic of",Africa,Africa,Eastern Mediterranean,Eastern Mediterranean,Low,Low,Africa,Africa,"Middle East, North Africa, Afghanistan & Pakistan",Lower middle income,IDA,Africa,AF,1168722,,,,
DM,DMA,212,Dominica,Dominica,Dominica,Dominica,Dominica,"Dominica, Commonwealth of",SIDS,SIDS,Americas,Americas,High,High,Latin America and Caribbean,Latin America and Caribbean,Latin America & Caribbean,Upper middle income,Blend,North America,NA,66205,,,,
DK,DNK,208,Denmark,Denmark,Denmark,Denmark,Denmark,"Denmark, Kingdom of",Europe,Europe,Europe,Europe,Very High,Very High,Developed Countries,Europe,Europe & Central Asia,High income,,Europe,EU,5976992,LNorthern,Northern Europe,Member,Member
DO,DOM,214,Dominican Republic,Dominican Republic,Dominican Republic,Dominican Republic (the),Dominican Republic,Dominican Republic,SIDS,SIDS,Americas,Americas,High,High,Latin America and Caribbean,Latin America and Caribbean,Latin America & Caribbean,Upper middle income,IBRD,North America,NA,11427557,,,,
DZ,DZA,12,Algeria,Algeria,Algeria,Algeria,Algeria,"Algeria, People's Democratic Republic of",Africa,Africa,Africa,Africa,High,High,Africa,Africa,"Middle East, North Africa, Afghanistan & Pakistan",Upper middle income,IBRD,Africa,AF,46814308,,,,
EC,ECU,218,Ecuador,Ecuador,Ecuador,Ecuador,Ecuador,"Ecuador, Republic of",Latin America,Latin America,Americas,Americas,High,High,Latin America and Caribbean,Latin America and Caribbean,Latin America & Caribbean,Upper middle income,IBRD,South America,SA,18135478,,,,
EG,EGY,818,Egypt,Egypt,Egypt,"Egypt, Arab Republic","Egypt, Arab Rep.","Egypt, Arab Republic of",Africa,Africa,Eastern Mediterranean,Eastern Mediterranean,High,High,Africa,Africa,"Middle East, North Africa, Afghanistan & Pakistan",Lower middle income,IBRD,Africa,AF,116538258,,,,
ER,ERI,232,Eritrea,Eritrea,Eritrea,Eritrea,Eritrea,"Eritrea, State of",Africa,Africa,Africa,Africa,Low,Low,Africa,Africa,Sub-Saharan Africa,Low income,IDA,Africa,AF,3535603,,,,
EH,ESH,732,,,Western Sahara,Western Sahara,,Western Sahara,,,,,,,Africa,Africa,,,,Africa,AF,,,,,
ES,ESP,724,Spain,Spain,Spain,Spain,Spain,"Spain, Kingdom of",Europe,Europe,Europe,Europe,Very High,Very High,Developed Countries,Europe,Europe & Central Asia,High income,,Europe,EU,48848840,Southern,Southern Europe,Member,Member
EE,EST,233,Estonia,Estonia,Estonia,Estonia,Estonia,"Estonia, Republic of",Europe,Europe,Europe,Europe,Very High,Very High,Developed Countries,Europe,Europe & Central Asia,High income,,Europe,EU,1372341,Northern,Northern Europe,Member,Member
ET,ETH,231,Ethiopia,Ethiopia,Ethiopia,Ethiopia,Ethiopia,"Ethiopia, Federal Democratic Republic of",Africa,Africa,Africa,Africa,Low,Low,Africa,Africa,Sub-Saharan Africa,,IDA,Africa,AF,132059767,,,,
FI,FIN,246,Finland,Finland,Finland,Finland,Finland,"Finland, Republic of",Europe,Europe,Europe,Europe,Very High,Very High,Developed Countries,Europe,Europe & Central Asia,High income,,Europe,EU,5619911,Northern,Northern Europe,Member,Member
FJ,FJI,242,Fiji,Fiji,Fiji,Fiji,Fiji,"Fiji, Republic of the Fiji Islands",SIDS,SIDS,Western Pacific,Western Pacific,High,High,Asia and developing Pacific,South-East Asia and Pacific,East Asia & Pacific,Upper middle income,Blend,Oceania,OC,928784,,,,
FK,FLK,238,,,Falkland Islands (Malvinas),Falkland Islands (the) [Malvinas],,Falkland Islands (Malvinas),,,,,,,Latin America and Caribbean,Latin America and Caribbean,,,,South America,SA,,,,,
FR,FRA,250,France,France,France,France,France,"France, French Republic",Europe,Europe,Europe,Europe,Very High,Very High,Developed Countries,Europe,Europe & Central Asia,High income,,Europe,EU,68551653,Western,Western Europe,Member,Member
FO,FRO,234,,,Faroe Islands,Faroe Islands (the),Faroe Islands,Faroe Islands,,,,,,,Developed Countries,Europe,Europe & Central Asia,High income,,Europe,EU,54681,,,,
FM,FSM,583,Federated States of Micronesia,Federated States of Micronesia,"Micronesia, Fed. Sts.",Micronesia (Federated States of),"Micronesia, Fed. Sts.","Micronesia, Federated States of",SIDS,SIDS,Western Pacific,Western Pacific,Medium,Medium,Asia and developing Pacific,South-East Asia and Pacific,East Asia & Pacific,Lower middle income,IDA,Oceania,OC,113160,,,,
GA,GAB,266,Gabon,Gabon,Gabon,Gabon,Gabon,"Gabon, Gabonese Republic",Africa,Africa,Africa,Africa,Medium,High,Africa,Africa,Sub-Saharan Africa,Upper middle income,IBRD,Africa,AF,2538952,,,,
GB,GBR,826,United Kingdom,United Kingdom,United Kingdom,United Kingdom of Great Britain and Northern Ireland (the),United Kingdom,United Kingdom of Great Britain & Northern Ireland,Europe,Europe,Europe,Europe,Very High,Very High,Developed Countries,Europe,Europe & Central Asia,High income,,Europe,EU,69226000,Not EEA,Northern Europe,Not EU,Former Member
GE,GEO,268,Georgia,Georgia,Georgia,Georgia,Georgia,Georgia,Asia,Asia,Europe,Europe,Very High,Very High,Eastern Europe and Central Asia,Eastern Europe and Central Asia,Europe & Central Asia,Upper middle income,IBRD,Asia,AS,3699557,Not EEA,Western Asia,Potential candidate,Not EEA
GG,GGY,831,,,Guernsey,Guernsey,,"Guernsey, Bailiwick of",,,,,,,Developed Countries,Europe,,,,Europe,EU,,,,,
GH,GHA,288,Ghana,Ghana,Ghana,Ghana,Ghana,"Ghana, Republic of",Africa,Africa,Africa,Africa,Medium,Medium,Africa,Africa,Sub-Saharan Africa,Lower middle income,IDA,Africa,AF,34427414,,,,
GI,GIB,292,,,Gibraltar,Gibraltar,Gibraltar,Gibraltar,,,,,,,Developed Countries,Europe,Europe & Central Asia,High income,,Europe,EU,39329,,,,
GN,GIN,324,Guinea,Guinea,Guinea,Guinea,Guinea,"Guinea, Republic of",Africa,Africa,Africa,Africa,Low,Low,Africa,Africa,Sub-Saharan Africa,Lower middle income,IDA,Africa,AF,14754785,,,,
GP,GLP,312,Guadeloupe,Guadeloupe,Guadeloupe,Guadeloupe,,Guadeloupe,SIDS,SIDS,Americas,Americas,,,Latin America and Caribbean,Latin America and Caribbean,,,,North America,NA,,,,,
GM,GMB,270,Gambia,Gambia,Gambia,Gambia (the),"Gambia, The","Gambia, Republic of the",Africa,Africa,Africa,Africa,Low,Low,Africa,Africa,Sub-Saharan Africa,Low income,IDA,Africa,AF,2759988,,,,
GW,GNB,624,Guinea Bissau,Guinea Bissau,Guinea-Bissau,Guinea-Bissau,Guinea-Bissau,"Guinea-Bissau, Republic of",SIDS,SIDS,Africa,Africa,Low,Low,Africa,Africa,Sub-Saharan Africa,Low income,IDA,Africa,AF,2201352,,,,
GQ,GNQ,226,Equatorial Guinea,Equatorial Guinea,Equatorial Guinea,Equatorial Guinea,Equatorial Guinea,"Equatorial Guinea, Republic of",Africa,Africa,Africa,Africa,Medium,Medium,Africa,Africa,Sub-Saharan Africa,Upper middle income,IBRD,Africa,AF,1892516,,,,
GR,GRC,300,Greece,Greece,Greece,Greece,Greece,"Greece, Hellenic Republic",Europe,Europe,Europe,Europe,Very High,Very High,Developed Countries,Europe,Europe & Central Asia,High income,,Europe,EU,10405134,Southern,Southern Europe,Member,Member
GD,GRD,308,Grenada,Grenada,Grenada,Grenada,Grenada,Grenada,SIDS,SIDS,Americas,Americas,High,High,Latin America and Caribbean,Latin America and Caribbean,Latin America & Caribbean,Upper middle income,Blend,North America,NA,117207,,,,
GL,GRL,304,,,Greenland,Greenland,Greenland,Greenland,,,,,,,Developed Countries,North America,Europe & Central Asia,High income,,North America,NA,56836,,,,
GT,GTM,320,Guatemala,Guatemala,Guatemala,Guatemala,Guatemala,"Guatemala, Republic of",Latin America,Latin America,Americas,Americas,Medium,Medium,Latin America and Caribbean,Latin America and Caribbean,Latin America & Caribbean,Upper middle income,IBRD,North America,NA,18406359,,,,
GF,GUF,254,French Guiana,French Guiana,French Guiana,French Guiana,,French Guiana,Latin America,Latin America,Americas,Americas,,,Latin America and Caribbean,Latin America and Caribbean,,,,South America,SA,,,,,
GU,GUM,316,Guam (USA),Guam (USA),Guam,Guam,Guam,Guam,SIDS,SIDS,Western Pacific,Western Pacific,,,Asia and developing Pacific,South-East Asia and Pacific,East Asia & Pacific,High income,,Oceania,OC,167777,,,,
GY,GUY,328,Guyana,Guyana,Guyana,Guyana,Guyana,"Guyana, Co-operative Republic of",SIDS,SIDS,Americas,Americas,High,High,Latin America and Caribbean,Latin America and Caribbean,Latin America & Caribbean,High income,IDA,South America,SA,831087,,,,
HK,HKG,344,Hong Kong SAR (China),Hong Kong SAR (China),Hong Kong,"Hong Kong SAR, China","Hong Kong SAR, China","Hong Kong, Special Administrative Region of China",Asia,Asia,Western Pacific,Western Pacific,,,Asia and developing Pacific,Eastern Asia,East Asia & Pacific,High income,,Asia,AS,7524100,,,,
HM,HMD,334,,,Heard Island and McDonald Islands,Heard Island and McDonald Islands,,Heard Island and McDonald Islands,,,,,,,Developed Countries,"Australia, Japan, New Zealand",,,,Antarctica,AN,,,,,
HN,HND,340,Honduras,Honduras,Honduras,Honduras,Honduras,"Honduras, Republic of",Latin America,Latin America,Americas,Americas,Medium,Medium,Latin America and Caribbean,Latin America and Caribbean,Latin America & Caribbean,Lower middle income,IDA,North America,NA,10825703,,,,
HR,HRV,191,Croatia,Croatia,Croatia,Croatia,Croatia,"Croatia, Republic of",Europe,Europe,Europe,Europe,Very High,Very High,Developed Countries,Europe,Europe & Central Asia,High income,IBRD,Europe,EU,3866200,Southern,Southern Europe,Member,Member
HT,HTI,332,Haiti,Haiti,Haiti,Haiti,Haiti,"Haiti, Republic of",SIDS,SIDS,Americas,Americas,Medium,Medium,Latin America and Caribbean,Latin America and Caribbean,Latin America & Caribbean,Lower middle income,IDA,North America,NA,11772557,,,,
HU,HUN,348,Hungary,Hungary,Hungary,Hungary,Hungary,"Hungary, Republic of",Europe,Europe,Europe,Europe,Very High,Very High,Developed Countries,Europe,Europe & Central Asia,High income,,Europe,EU,9562065,Eastern,Eastern Europe,Member,Member
ID,IDN,360,Indonesia,Indonesia,Indonesia,Indonesia,Indonesia,"Indonesia, Republic of",Asia,Asia,South-East Asia,Western Pacific,High,High,Asia and developing Pacific,South-East Asia and Pacific,East Asia & Pacific,Upper middle income,IBRD,Asia,AS,283487931,,,,
IM,IMN,833,,,Isle of Man,Isle of Man,Isle of Man,Isle of Man,,,,,,,Developed Countries,Europe,Europe & Central Asia,High income,,Europe,EU,84160,,,,
IN,IND,356,India,India,India,India,India,"India, Republic of",Asia,Asia,South-East Asia,South-East Asia,Medium,Medium,Asia and developing Pacific,Southern Asia,South Asia,Lower middle income,IBRD,Asia,AS,1450935791,,,,
IO,IOT,86,,,British Indian Ocean Territory,British Indian Ocean Territory (the),,British Indian Ocean Territory (Chagos Archipelago),,,,,,,Africa,Africa,,,,Asia,AS,,,,,
IE,IRL,372,Ireland,Ireland,Ireland,Ireland,Ireland,Ireland,Europe,Europe,Europe,Europe,Very High,Very High,Developed Countries,Europe,Europe & Central Asia,High income,,Europe,EU,5395790,Northern,Northern Europe,Member,Member
IR,IRN,364,Islamic Republic of Iran,Islamic Republic of Iran,Iran,Iran (Islamic Republic of),"Iran, Islamic Rep.","Iran, Islamic Republic of",Asia,Asia,Eastern Mediterranean,Eastern Mediterranean,High,High,Middle East,Middle East,"Middle East, North Africa, Afghanistan & Pakistan",Upper middle income,IBRD,Asia,AS,91567738,,,,
IQ,IRQ,368,Iraq,Iraq,Iraq,Iraq,Iraq,"Iraq, Republic of",Asia,Asia,Eastern Mediterranean,Eastern Mediterranean,Medium,Medium,Middle East,Middle East,"Middle East, North Africa, Afghanistan & Pakistan",Upper middle income,IBRD,Asia,AS,46042015,,,,
IS,ISL,352,Iceland,Iceland,Iceland,Iceland,Iceland,"Iceland, Republic of",Europe,Europe,Europe,Europe,Very High,Very High,Developed Countries,Europe,Europe & Central Asia,High income,,Europe,EU,386506,Northern,Northern Europe,Not EU,Member
IL,ISR,376,Israel,Israel,Israel,Israel,Israel,"Israel, State of",Asia,Asia,Europe,Europe,Very High,Very High,Middle East,Middle East,"Middle East, North Africa, Afghanistan & Pakistan",High income,,Asia,AS,9974400,Not EEA,Western Asia,Not EU,Not EEA
IT,ITA,380,Italy,Italy,Italy,Italy,Italy,"Italy, Italian Republic",Europe,Europe,Europe,Europe,Very High,Very High,Developed Countries,Europe,Europe & Central Asia,High income,,Europe,EU,58952704,Southern,Southern Europe,Member,Member
JM,JAM,388,Jamaica,Jamaica,Jamaica,Jamaica,Jamaica,Jamaica,SIDS,SIDS,Americas,Americas,High,High,Latin America and Caribbean,Latin America and Caribbean,Latin America & Caribbean,Upper middle income,IBRD,North America,NA,2839175,,,,
JE,JEY,832,,,Jersey,Jersey,,"Jersey, Bailiwick of",,,,,,,Developed Countries,Europe,,,,Europe,EU,,,,,
JO,JOR,400,Jordan,Jordan,Jordan,Jordan,Jordan,"Jordan, Hashemite Kingdom of",Asia,Asia,Eastern Mediterranean,Eastern Mediterranean,High,High,Middle East,Middle East,"Middle East, North Africa, Afghanistan & Pakistan",Lower middle income,IBRD,Asia,AS,11552876,,,,
JP,JPN,392,Japan,Japan,Japan,Japan,Japan,Japan,Asia,Asia,Western Pacific,Western Pacific,Very High,Very High,Developed Countries,"Australia, Japan, New Zealand",East Asia & Pacific,High income,,Asia,AS,123975371,,,,
KZ,KAZ,398,Kazakhstan,Kazakhstan,Kazakhstan,Kazakhstan,Kazakhstan,"Kazakhstan, Republic of",Asia,Asia,Europe,Europe,Very High,Very High,Eastern Europe and Central Asia,Eastern Europe and Central Asia,Europe & Central Asia,Upper middle income,IBRD,Asia,AS,20592571,Not EEA,Central Asia,Not EU,Not EEA
KE,KEN,404,Kenya,Kenya,Kenya,Kenya,Kenya,"Kenya, Republic of",Africa,Africa,Africa,Africa,Medium,Medium,Africa,Africa,Sub-Saharan Africa,Lower middle income,Blend,Africa,AF,56432944,,,,
KG,KGZ,417,Kyrgyzstan,Kyrgyzstan,Kyrgyz Republic,Kyrgyzstan,Kyrgyz Republic,Kyrgyz Republic,Asia,Asia,Europe,Europe,High,High,Eastern Europe and Central Asia,Eastern Europe and Central Asia,Europe & Central Asia,Lower middle income,IDA,Asia,AS,7221868,Not EEA,Central Asia,Not EU,Not EEA
KH,KHM,116,Cambodia,Cambodia,Cambodia,Cambodia,Cambodia,"Cambodia, Kingdom of",Asia,Asia,Western Pacific,Western Pacific,Medium,Medium,Asia and developing Pacific,South-East Asia and Pacific,East Asia & Pacific,Lower middle income,IDA,Asia,AS,17638801,,,,
KI,KIR,296,Kiribati,Kiribati,Kiribati,Kiribati,Kiribati,"Kiribati, Republic of",SIDS,SIDS,Western Pacific,Western Pacific,Medium,Medium,Asia and developing Pacific,South-East Asia and Pacific,East Asia & Pacific,Lower middle income,IDA,Oceania,OC,134518,,,,
KN,KNA,659,Saint Kitts and Nevis,Saint Kitts and Nevis,St. Kitts and Nevis,Saint Kitts and Nevis,St. Kitts and Nevis,"Saint Kitts and Nevis, Federation of",SIDS,SIDS,Americas,Americas,Very High,Very High,Latin America and Caribbean,Latin America and Caribbean,Latin America & Caribbean,High income,IBRD,North America,NA,46843,,,,
KR,KOR,410,Republic of Korea,Republic of Korea,"Korea, Rep.",Korea (the Republic of),"Korea, Rep.","Korea, Republic of",Asia,Asia,Western Pacific,Western Pacific,Very High,Very High,Asia and developing Pacific,Eastern Asia,East Asia & Pacific,High income,,Asia,AS,51751065,,,,
KW,KWT,414,Kuwait,Kuwait,Kuwait,Kuwait,Kuwait,"Kuwait, State of",Asia,Asia,Eastern Mediterranean,Eastern Mediterranean,Very High,Very High,Middle East,Middle East,"Middle East, North Africa, Afghanistan & Pakistan",High income,,Asia,AS,4897263,,,,
LA,LAO,418,Lao People's Democratic Republic,Lao People's Democratic Republic,Lao PDR,Lao People's Democratic Republic (the),Lao PDR,Lao People's Democratic Republic,Asia,Asia,Western Pacific,Western Pacific,Medium,Medium,Asia and developing Pacific,South-East Asia and Pacific,East Asia & Pacific,Lower middle income,IDA,Asia,AS,7769819,,,,
LB,LBN,422,Lebanon,Lebanon,Lebanon,Lebanon,Lebanon,"Lebanon, Lebanese Republic",Asia,Asia,Eastern Mediterranean,Eastern Mediterranean,High,High,Middle East,Middle East,"Middle East, North Africa, Afghanistan & Pakistan",Lower middle income,IBRD,Asia,AS,5805962,,,,
LR,LBR,430,Liberia,Liberia,Liberia,Liberia,Liberia,"Liberia, Republic of",Africa,Africa,Africa,Africa,Low,Low,Africa,Africa,Sub-Saharan Africa,Low income,IDA,Africa,AF,5612817,,,,
LY,LBY,434,Libya,Libya,Libya,Libya,Libya,Libyan Arab Jamahiriya,Africa,Africa,Eastern Mediterranean,Eastern Mediterranean,High,High,Africa,Africa,"Middle East, North Africa, Afghanistan & Pakistan",Upper middle income,IBRD,Africa,AF,7381023,,,,
LC,LCA,662,Saint Lucia,Saint Lucia,St. Lucia,Saint Lucia,St. Lucia,Saint Lucia,SIDS,SIDS,Americas,Americas,High,High,Latin America and Caribbean,Latin America and Caribbean,Latin America & Caribbean,Upper middle income,Blend,North America,NA,179744,,,,
LI,LIE,438,Liechtenstein,Liechtenstein,Liechtenstein,Liechtenstein,Liechtenstein,"Liechtenstein, Principality of",Europe,Europe,,,Very High,Very High,Developed Countries,Europe,Europe & Central Asia,High income,,Europe,EU,40450,Western,Western Europe,Not EU,Member
LK,LKA,144,Sri Lanka,Sri Lanka,Sri Lanka,Sri Lanka,Sri Lanka,"Sri Lanka, Democratic Socialist Republic of",Asia,Asia,South-East Asia,South-East Asia,High,High,Asia and developing Pacific,Southern Asia,South Asia,Lower middle income,IDA,Asia,AS,21916000,,,,
LS,LSO,426,Lesotho,Lesotho,Lesotho,Lesotho,Lesotho,"Lesotho, Kingdom of",Africa,Africa,Africa,Africa,Low,Medium,Africa,Africa,Sub-Saharan Africa,Lower middle income,IDA,Africa,AF,2337423,,,,
LT,LTU,440,Lithuania,Lithuania,Lithuania,Lithuania,Lithuania,"Lithuania, Republic of",Europe,Europe,Europe,Europe,Very High,Very High,Developed Countries,Europe,Europe & Central Asia,High income,,Europe,EU,2888278,Northern,Northern Europe,Member,Member
LU,LUX,442,Luxembourg,Luxembourg,Luxembourg,Luxembourg,Luxembourg,"Luxembourg, Grand Duchy of",Europe,Europe,Europe,Europe,Very High,Very High,Developed Countries,Europe,Europe & Central Asia,High income,,Europe,EU,677012,Western,Western Europe,Member,Member
LV,LVA,428,Latvia,Latvia,Latvia,Latvia,Latvia,"Latvia, Republic of",Europe,Europe,Europe,Europe,Very High,Very High,Developed Countries,Europe,Europe & Central Asia,High income,,Europe,EU,1866124,Northern,Northern Europe,Member,Member
MO,MAC,446,Macao SAR (China),Macao SAR (China),Macao,"Macao SAR, China","Macao SAR, China","Macao, Special Administrative Region of China",Asia,Asia,Western Pacific,Western Pacific,,,Asia and developing Pacific,Eastern Asia,East Asia & Pacific,High income,,Asia,AS,687000,,,,
MF,MAF,663,,,St. Martin (French part),Saint Martin (French part),St. Martin (French part),Saint Martin,,,,,,,Latin America and Caribbean,Latin America and Caribbean,Latin America & Caribbean,High income,,North America,NA,26129,,,,
MA,MAR,504,Morocco,Morocco,Morocco,Morocco,Morocco,"Morocco, Kingdom of",Africa,Africa,Eastern Mediterranean,Eastern Mediterranean,Medium,High,Africa,Africa,"Middle East, North Africa, Afghanistan & Pakistan",Lower middle income,IBRD,Africa,AF,38081173,,,,
MC,MCO,492,Monaco,Monaco,Monaco,Monaco,Monaco,"Monaco, Principality of",Europe,Europe,Europe,Europe,,,Developed Countries,Europe,Europe & Central Asia,High income,,Europe,EU,38631,Not EEA,Western Europe,Not EU,Not EEA
MD,MDA,498,Republic of Moldova,Republic of Moldova,Moldova,Moldova (the Republic of),Moldova,"Moldova, Republic of",Europe,Europe,Europe,Europe,High,High,Eastern Europe and Central Asia,Eastern Europe and Central Asia,Europe & Central Asia,Upper middle income,IBRD,Europe,EU,2402306,Not EEA,Eastern Europe,Candidate,Not EEA
MG,MDG,450,Madagascar,Madagascar,Madagascar,Madagascar,Madagascar,"Madagascar, Republic of",Africa,Africa,Africa,Africa,Low,Low,Africa,Africa,Sub-Saharan Africa,Low income,IDA,Africa,AF,31964956,,,,
MV,MDV,462,Maldives,Maldives,Maldives,Maldives,Maldives,"Maldives, Republic of",SIDS,SIDS,South-East Asia,South-East Asia,High,High,Asia and developing Pacific,Southern Asia,South Asia,Upper middle income,IDA,Asia,AS,527799,,,,
MX,MEX,484,Mexico,Mexico,Mexico,Mexico,Mexico,"Mexico, United Mexican States",Latin America,Latin America,Americas,Americas,High,High,Latin America and Caribbean,Latin America and Caribbean,Latin America & Caribbean,Upper middle income,IBRD,North America,NA,130861007,,,,
MH,MHL,584,Marshall Islands,Marshall Islands,Marshall Islands,Marshall Islands (the),Marshall Islands,"Marshall Islands, Republic of the",SIDS,SIDS,Western Pacific,Western Pacific,High,High,Asia and developing Pacific,South-East Asia and Pacific,East Asia & Pacific,Upper middle income,IDA,Oceania,OC,37548,,,,
MK,MKD,807,North Macedonia,North Macedonia,North Macedonia,Republic of North Macedonia,North Macedonia,"Macedonia, The Former Yugoslav Republic of",Europe,Europe,Europe,Europe,High,Very High,Developed Countries,Europe,Europe & Central Asia,Upper middle income,IBRD,Europe,EU,1824359,Southern,Southern Europe,Candidate,Cooperating
ML,MLI,466,Mali,Mali,Mali,Mali,Mali,"Mali, Republic of",Africa,Africa,Africa,Africa,Low,Low,Africa,Africa,Sub-Saharan Africa,Low income,IDA,Africa,AF,24478595,,,,
MT,MLT,470,Malta,Malta,Malta,Malta,Malta,"Malta, Republic of",Europe,Europe,Europe,Europe,Very High,Very High,Developed Countries,Europe,"Middle East, North Africa, Afghanistan & Pakistan",High income,,Europe,EU,568847,Southern,Southern Europe,Member,Member
MM,MMR,104,Myanmar,Myanmar,Myanmar,Myanmar,Myanmar,"Myanmar, Union of",Asia,Asia,South-East Asia,South-East Asia,Medium,Medium,Asia and developing Pacific,South-East Asia and Pacific,East Asia & Pacific,Lower middle income,IDA,Asia,AS,54500091,,,,
ME,MNE,499,Montenegro,Montenegro,Montenegro,Montenegro,Montenegro,"Montenegro, Republic of",Europe,Europe,Europe,Europe,Very High,Very High,Developed Countries,Europe,Europe & Central Asia,Upper middle income,IBRD,Europe,EU,623525,Southern,Southern Europe,Candidate,Cooperating
MN,MNG,496,Mongolia,Mongolia,Mongolia,Mongolia,Mongolia,Mongolia,Asia,Asia,Western Pacific,Western Pacific,High,High,Asia and developing Pacific,Eastern Asia,East Asia & Pacific,Upper middle income,IBRD,Asia,AS,3524788,,,,
MP,MNP,580,Commonwealth of the Northern Mariana Islands (USA),Commonwealth of the Northern Maria,Northern Mariana Islands,Northern Mariana Islands (the),Northern Mariana Islands,"Northern Mariana Islands, Commonwealth of the",SIDS,SIDS,Western Pacific,Western Pacific,,,Asia and developing Pacific,South-East Asia and Pacific,East Asia & Pacific,High income,,Oceania,OC,44278,,,,
MZ,MOZ,508,Mozambique,Mozambique,Mozambique,Mozambique,Mozambique,"Mozambique, Republic of",Africa,Africa,Africa,Africa,Low,Low,Africa,Africa,Sub-Saharan Africa,Low income,IDA,Africa,AF,34631766,,,,
MR,MRT,478,Mauritania,Mauritania,Mauritania,Mauritania,Mauritania,"Mauritania, Islamic Republic of",Africa,Africa,Africa,Africa,Low,Medium,Africa,Africa,Sub-Saharan Africa,Lower middle income,IDA,Africa,AF,5169395,,,,
MS,MSR,500,Montserrat,Montserrat,Montserrat,Montserrat,,Montserrat,SIDS,SIDS,Americas,Americas,,,Latin America and Caribbean,Latin America and Caribbean,,,,North America,NA,,,,,
MQ,MTQ,474,Martinique,Martinique,Martinique,Martinique,,Martinique,SIDS,SIDS,Americas,Americas,,,Latin America and Caribbean,Latin America and Caribbean,,,,North America,NA,,,,,
MU,MUS,480,Mauritius,Mauritius,Mauritius,Mauritius,Mauritius,"Mauritius, Republic of",SIDS,SIDS,Africa,Africa,High,Very High,Africa,Africa,Sub-Saharan Africa,Upper middle income,IBRD,Africa,AF,1245779,,,,
MW,MWI,454,Malawi,Malawi,Malawi,Malawi,Malawi,"Malawi, Republic of",Africa,Africa,Africa,Africa,Low,Low,Africa,Africa,Sub-Saharan Africa,Low income,IDA,Africa,AF,21655286,,,,
MY,MYS,458,Malaysia,Malaysia,Malaysia,Malaysia,Malaysia,Malaysia,Asia,Asia,Western Pacific,Western Pacific,Very High,Very High,Asia and developing Pacific,South-East Asia and Pacific,East Asia & Pacific,Upper middle income,IBRD,Asia,AS,35557673,,,,
YT,MYT,175,,,Mayotte,Mayotte,,Mayotte,,,,,,,Africa,Africa,,,,Africa,AF,,,,,
,NAM,516,Namibia,Namibia,Namibia,Namibia,Namibia,"Namibia, Republic of",Africa,Africa,Africa,Africa,Medium,Medium,Africa,Africa,Sub-Saharan Africa,Lower middle income,IBRD,Africa,AF,3030131,,,,
NC,NCL,540,New Caledonia (France),New Caledonia (France),New Caledonia,New Caledonia,New Caledonia,New Caledonia,SIDS,SIDS,Western Pacific,Western Pacific,,,Asia and developing Pacific,South-East Asia and Pacific,East Asia & Pacific,High income,,Oceania,OC,292639,,,,
NE,NER,562,Niger,Niger,Niger,Niger (the),Niger,"Niger, Republic of",Africa,Africa,Africa,Africa,Low,Low,Africa,Africa,Sub-Saharan Africa,Low income,IDA,Africa,AF,27032412,,,,
NF,NFK,574,,,Norfolk Island,Norfolk Island,,Norfolk Island,,,,,,,Developed Countries,"Australia, Japan, New Zealand",,,,Oceania,OC,,,,,
NG,NGA,566,Nigeria,Nigeria,Nigeria,Nigeria,Nigeria,"Nigeria, Federal Republic of",Africa,Africa,Africa,Africa,Low,Medium,Africa,Africa,Sub-Saharan Africa,Lower middle income,Blend,Africa,AF,232679478,,,,
NI,NIC,558,Nicaragua,Nicaragua,Nicaragua,Nicaragua,Nicaragua,"Nicaragua, Republic of",Latin America,Latin America,Americas,Americas,Medium,High,Latin America and Caribbean,Latin America and Caribbean,Latin America & Caribbean,Lower middle income,IDA,North America,NA,6916140,,,,
NU,NIU,570,Niue,Niue,Niue,Niue,,Niue,SIDS,SIDS,Western Pacific,Western Pacific,,,Asia and developing Pacific,South-East Asia and Pacific,,,,Oceania,OC,,,,,
NL,NLD,528,Netherlands,Netherlands,Netherlands,Netherlands (the),Netherlands,"Netherlands, Kingdom of the",Europe,Europe,Europe,Europe,Very High,Very High,Developed Countries,Europe,Europe & Central Asia,High income,,Europe,EU,17993485,Western,Western Europe,Member,Member
NO,NOR,578,Norway,Norway,Norway,Norway,Norway,"Norway, Kingdom of",Europe,Europe,Europe,Europe,Very High,Very High,Developed Countries,Europe,Europe & Central Asia,High income,,Europe,EU,5572279,Northern,Northern Europe,Not EU,Member
NP,NPL,524,Nepal,Nepal,Nepal,Nepal,Nepal,"Nepal, State of",Asia,Asia,South-East Asia,South-East Asia,Medium,Medium,Asia and developing Pacific,Southern Asia,South Asia,Lower middle income,IDA,Asia,AS,29651054,,,,
NR,NRU,520,Nauru,Nauru,Nauru,Nauru,Nauru,"Nauru, Republic of",SIDS,SIDS,Western Pacific,Western Pacific,Medium,High,Asia and developing Pacific,South-East Asia and Pacific,East Asia & Pacific,High income,IBRD,Oceania,OC,11947,,,,
NZ,NZL,554,New Zealand,New Zealand,New Zealand,New Zealand,New Zealand,New Zealand,Oceania,Oceania,Western Pacific,Western Pacific,Very High,Very High,Developed Countries,"Australia, Japan, New Zealand",East Asia & Pacific,High income,,Oceania,OC,5287500,,,,
OM,OMN,512,Oman,Oman,Oman,Oman,Oman,"Oman, Sultanate of",Asia,Asia,Eastern Mediterranean,Eastern Mediterranean,Very High,Very High,Middle East,Middle East,"Middle East, North Africa, Afghanistan & Pakistan",High income,,Asia,AS,5281538,,,,
PK,PAK,586,Pakistan,Pakistan,Pakistan,Pakistan,Pakistan,"Pakistan, Islamic Republic of",Asia,Asia,Eastern Mediterranean,Eastern Mediterranean,Low,Low,Asia and developing Pacific,Southern Asia,"Middle East, North Africa, Afghanistan & Pakistan",Lower middle income,Blend,Asia,AS,251269164,,,,
PA,PAN,591,Panama,Panama,Panama,Panama,Panama,"Panama, Republic of",Latin America,Latin America,Americas,Americas,Very High,Very High,Latin America and Caribbean,Latin America and Caribbean,Latin America & Caribbean,High income,IBRD,North America,NA,4515577,,,,
PN,PCN,612,Pitcairn Island (UK),Pitcairn Island (UK),Pitcairn,Pitcairn,,Pitcairn Islands,Oceania,Oceania,Western Pacific,Western Pacific,,,Asia and developing Pacific,South-East Asia and Pacific,,,,Oceania,OC,,,,,
PE,PER,604,Peru,Peru,Peru,Peru,Peru,"Peru, Republic of",Latin America,Latin America,Americas,Americas,High,High,Latin America and Caribbean,Latin America and Caribbean,Latin America & Caribbean,Upper middle income,IBRD,South America,SA,34217848,,,,
PH,PHL,608,Philippines,Philippines,Philippines,Philippines (the),Philippines,"Philippines, Republic of the",Asia,Asia,Western Pacific,Western Pacific,High,High,Asia and developing Pacific,South-East Asia and Pacific,East Asia & Pacific,Lower middle income,IBRD,Asia,AS,115843670,,,,
PW,PLW,585,Palau,Palau,Palau,Palau,Palau,"Palau, Republic of",SIDS,SIDS,Western Pacific,Western Pacific,High,High,Asia and developing Pacific,South-East Asia and Pacific,East Asia & Pacific,High income,IBRD,Oceania,OC,17695,,,,
PG,PNG,598,Papua New Guinea,Papua New Guinea,Papua New Guinea,Papua New Guinea,Papua New Guinea,"Papua New Guinea, Independent State of",SIDS,SIDS,Western Pacific,Western Pacific,Medium,Medium,Asia and developing Pacific,South-East Asia and Pacific,East Asia & Pacific,Lower middle income,Blend,Oceania,OC,10576502,,,,
PL,POL,616,Poland,Poland,Poland,Poland,Poland,"Poland, Republic of",Europe,Europe,Europe,Europe,Very High,Very High,Developed Countries,Europe,Europe & Central Asia,High income,IBRD,Europe,EU,36559233,Eastern,Eastern Europe,Member,Member
PR,PRI,630,Puerto Rico,Puerto Rico,Puerto Rico,Puerto Rico,Puerto Rico (U.S.),"Puerto Rico, Commonwealth of",SIDS,SIDS,Americas,Americas,,,Latin America and Caribbean,Latin America and Caribbean,Latin America & Caribbean,High income,,North America,NA,3203295,,,,
KP,PRK,408,Democratic People's Republic of Korea,Democratic People's Republic of Kore,"Korea, Dem. People's Rep.",Korea (the Democratic People's Republic of),"Korea, Dem. People's Rep.","Korea, Democratic People's Republic of",Asia,Asia,South-East Asia,South-East Asia,,,Asia and developing Pacific,Eastern Asia,East Asia & Pacific,Low income,,Asia,AS,26498823,,,,
PT,PRT,620,Portugal,Portugal,Portugal,Portugal,Portugal,"Portugal, Portuguese Republic",Europe,Europe,Europe,Europe,Very High,Very High,Developed Countries,Europe,Europe & Central Asia,High income,,Europe,EU,10694681,Southern,Southern Europe,Member,Member
PY,PRY,600,Paraguay,Paraguay,Paraguay,Paraguay,Paraguay,"Paraguay, Republic of",Latin America,Latin America,Americas,Americas,High,High,Latin America and Caribbean,Latin America and Caribbean,Latin America & Caribbean,Upper middle income,IBRD,South America,SA,6929153,,,,
PS,PSE,275,Occupied Palestinian territory,Occupied Palestinian territory,West Bank and Gaza,"Palestine, State of",West Bank and Gaza,"Palestinian Territory, Occupied",Asia,Asia,Eastern Mediterranean,Eastern Mediterranean,High,Medium,Middle East,Middle East,"Middle East, North Africa, Afghanistan & Pakistan",Lower middle income,,Asia,AS,5289152,,,,
PF,PYF,258,French Polynesia (France),French Polynesia (France),French Polynesia,French Polynesia,French Polynesia,French Polynesia,SIDS,SIDS,Western Pacific,Western Pacific,,,Asia and developing Pacific,South-East Asia and Pacific,East Asia & Pacific,High income,,Oceania,OC,281807,,,,
QA,QAT,634,Qatar,Qatar,Qatar,Qatar,Qatar,"Qatar, State of",Asia,Asia,Eastern Mediterranean,Eastern Mediterranean,Very High,Very High,Middle East,Middle East,"Middle East, North Africa, Afghanistan & Pakistan",High income,,Asia,AS,2857822,,,,
RE,REU,638,,,Réunion,Réunion,,Reunion,,,,,,,Africa,Africa,,,,Africa,AF,,,,,
RO,ROU,642,Romania,Romania,Romania,Romania,Romania,Romania,Europe,Europe,Europe,Europe,Very High,Very High,Developed Countries,Europe,Europe & Central Asia,High income,IBRD,Europe,EU,19051804,Eastern,Eastern Europe,Member,Member
RU,RUS,643,Russian Federation,Russian Federation,Russia,Russian Federation (the),Russian Federation,Russian Federation,Europe,Europe,Europe,Europe,Very High,Very High,Eastern Europe and Central Asia,Eastern Europe and Central Asia,Europe & Central Asia,High income,IBRD,Europe,EU,143533851,Not EEA,Eastern Europe,Not EU,Not EEA
RW,RWA,646,Rwanda,Rwanda,Rwanda,Rwanda,Rwanda,"Rwanda, Republic of",Africa,Africa,Africa,Africa,Low,Medium,Africa,Africa,Sub-Saharan Africa,Low income,IDA,Africa,AF,14256567,,,,
SA,SAU,682,Saudi Arabia,Saudi Arabia,Saudi Arabia,Saudi Arabia,Saudi Arabia,"Saudi Arabia, Kingdom of",Asia,Asia,Eastern Mediterranean,Eastern Mediterranean,Very High,Very High,Middle East,Middle East,"Middle East, North Africa, Afghanistan & Pakistan",High income,,Asia,AS,35300280,,,,
CS,SCG,891,,,Serbia and Montenegro,Serbia and Montenegro,,,,,,,,,Eastern Europe and Central Asia,Eastern Europe and Central Asia,,,,Europe,EU,,,,,
SD,SDN,729,Sudan,Sudan,Sudan,Sudan (the),Sudan,"Sudan, Republic of",Africa,Africa,Eastern Mediterranean,Eastern Mediterranean,Low,Low,Africa,Africa,Sub-Saharan Africa,Low income,IDA,Africa,AF,50448963,,,,
SN,SEN,686,Senegal,Senegal,Senegal,Senegal,Senegal,"Senegal, Republic of",Africa,Africa,Africa,Africa,Low,Low,Africa,Africa,Sub-Saharan Africa,Lower middle income,IDA,Africa,AF,18501984,,,,
SG,SGP,702,Singapore,Singapore,Singapore,Singapore,Singapore,"Singapore, Republic of",SIDS,SIDS,Western Pacific,Western Pacific,Very High,Very High,Asia and developing Pacific,South-East Asia and Pacific,East Asia & Pacific,High income,,Asia,AS,6036860,,,,
GS,SGS,239,,,South Georgia and the South Sandwich Islands,South Georgia and the South Sandwich Islands,,South Georgia and the South Sandwich Islands,,,,,,,Latin America and Caribbean,Latin America and Caribbean,,,,Antarctica,AN,,,,,
SH,SHN,654,,,"Saint Helena, Ascension and Tristan da Cunha","Saint Helena, Ascension and Tristan da Cunha",,Saint Helena,,,,,,,Africa,Africa,,,,Africa,AF,,,,,
SJ,SJM,744,,,Svalbard and Jan Mayen,Svalbard and Jan Mayen,,Svalbard & Jan Mayen Islands,,,,,,,Developed Countries,Europe,,,,Europe,EU,,,,,
SB,SLB,90,Solomon Islands,Solomon Islands,Solomon Islands,Solomon Islands,Solomon Islands,Solomon Islands,SIDS,SIDS,Western Pacific,Western Pacific,Medium,Medium,Asia and developing Pacific,South-East Asia and Pacific,East Asia & Pacific,Lower middle income,IDA,Oceania,OC,819198,,,,
SL,SLE,694,Sierra Leone,Sierra Leone,Sierra Leone,Sierra Leone,Sierra Leone,"Sierra Leone, Republic of",Africa,Africa,Africa,Africa,Low,Low,Africa,Africa,Sub-Saharan Africa,Low income,IDA,Africa,AF,8642022,,,,
SV,SLV,222,El Salvador,El Salvador,El Salvador,El Salvador,El Salvador,"El Salvador, Republic of",Latin America,Latin America,Americas,Americas,Medium,Medium,Latin America and Caribbean,Latin America and Caribbean,Latin America & Caribbean,Upper middle income,IBRD,North America,NA,6338193,,,,
SM,SMR,674,San Marino,San Marino,San Marino,San Marino,San Marino,"San Marino, Republic of",Europe,Europe,Europe,Europe,Very High,Very High,Developed Countries,Europe,Europe & Central Asia,High income,,Europe,EU,33977,Not EEA,Southern Europe,Not EU,Not EEA
SO,SOM,706,Somalia,Somalia,Somalia,Somalia,"Somalia, Fed. Rep.","Somalia, Somali Republic",Africa,Africa,Eastern Mediterranean,Eastern Mediterranean,Low,Low,Africa,Africa,Sub-Saharan Africa,Low income,IDA,Africa,AF,19009151,,,,
PM,SPM,666,,,Saint Pierre and Miquelon,Saint Pierre and Miquelon,,Saint Pierre and Miquelon,,,,,,,Developed Countries,North America,,,,North America,NA,,,,,
RS,SRB,688,Serbia,Serbia,Serbia,Serbia,Serbia,"Serbia, Republic of",Europe,Europe,Europe,Europe,Very High,Very High,Developed Countries,Europe,Europe & Central Asia,Upper middle income,IBRD,Europe,EU,6586476,Southern,Southern Europe,Candidate,Cooperating
SS,SSD,728,South Sudan,South Sudan,South Sudan,South Sudan,South Sudan,South Sudan,Africa,Africa,Africa,Africa,Low,Low,Africa,Africa,Sub-Saharan Africa,Low income,IDA,Africa,AF,11943408,,,,
ST,STP,678,Sao Tome and Principe,Sao Tome and Principe,São Tomé and Principe,Sao Tome and Principe,São Tomé and Príncipe,"Sao Tome and Principe, Democratic Republic of",SIDS,SIDS,Africa,Africa,Medium,Medium,Africa,Africa,Sub-Saharan Africa,Lower middle income,IDA,Africa,AF,235536,,,,
SR,SUR,740,Suriname,Suriname,Suriname,Suriname,Suriname,"Suriname, Republic of",SIDS,SIDS,Americas,Americas,Medium,High,Latin America and Caribbean,Latin America and Caribbean,Latin America & Caribbean,Upper middle income,Blend,South America,SA,634431,,,,
SK,SVK,703,Slovakia,Slovakia,Slovak Republic,Slovakia,Slovak Republic,Slovakia (Slovak Republic),Europe,Europe,Europe,Europe,Very High,Very High,Developed Countries,Europe,Europe & Central Asia,High income,,Europe,EU,5422069,Eastern,Eastern Europe,Member,Member
SI,SVN,705,Slovenia,Slovenia,Slovenia,Slovenia,Slovenia,"Slovenia, Republic of",Europe,Europe,Europe,Europe,Very High,Very High,Developed Countries,Europe,Europe & Central Asia,High income,,Europe,EU,2127400,Southern,Southern Europe,Member,Member
SE,SWE,752,Sweden,Sweden,Sweden,Sweden,Sweden,"Sweden, Kingdom of",Europe,Europe,Europe,Europe,Very High,Very High,Developed Countries,Europe,Europe & Central Asia,High income,,Europe,EU,10569709,Northern,Northern Europe,Member,Member
SZ,SWZ,748,Eswatini,Eswatini,Swaziland,Eswatini,Eswatini,"Swaziland, Kingdom of",Africa,Africa,Africa,Africa,Medium,Medium,Africa,Africa,Sub-Saharan Africa,Lower middle income,Blend,Africa,AF,1242822,,,,
SX,SXM,534,Sint Maarten,Sint Maarten,Sint Maarten (Dutch part),Sint Maarten (Dutch part),Sint Maarten (Dutch part),Sint Maarten (Netherlands),SIDS,SIDS,Americas,Americas,,,Latin America and Caribbean,Latin America and Caribbean,Latin America & Caribbean,High income,,North America,NA,43350,,,,
SC,SYC,690,Seychelles,Seychelles,Seychelles,Seychelles,Seychelles,"Seychelles, Republic of",SIDS,SIDS,Africa,Africa,Very High,Very High,Africa,Africa,Sub-Saharan Africa,High income,IBRD,Africa,AF,121354,,,,
SY,SYR,760,Syrian Arab Republic,Syrian Arab Republic,Syrian Arab Republic,Syrian Arab Republic,Syrian Arab Republic,Syrian Arab Republic,Asia,Asia,Eastern Mediterranean,Eastern Mediterranean,Medium,Medium,Middle East,Middle East,"Middle East, North Africa, Afghanistan & Pakistan",Low income,IDA,Asia,AS,24672760,,,,
TC,TCA,796,Turks and Caicos,Turks and Caicos,Turks and Caicos Islands,Turks and Caicos Islands (the),Turks and Caicos Islands,Turks and Caicos Islands,SIDS,SIDS,Americas,Americas,,,Latin America and Caribbean,Latin America and Caribbean,Latin America & Caribbean,High income,,North America,NA,46535,,,,
TD,TCD,148,Chad,Chad,Chad,Chad,Chad,"Chad, Republic of",Africa,Africa,Africa,Africa,Low,Low,Africa,Africa,Sub-Saharan Africa,Low income,IDA,Africa,AF,20299123,,,,
TG,TGO,768,Togo,Togo,Togo,Togo,Togo,"Togo, Togolese Republic",Africa,Africa,Africa,Africa,Low,Medium,Africa,Africa,Sub-Saharan Africa,Low income,IDA,Africa,AF,9515236,,,,
TH,THA,764,Thailand,Thailand,Thailand,Thailand,Thailand,"Thailand, Kingdom of",Asia,Asia,South-East Asia,South-East Asia,Very High,High,Asia and developing Pacific,South-East Asia and Pacific,East Asia & Pacific,Upper middle income,IBRD,Asia,AS,71668011,,,,
TJ,TJK,762,Tajikistan,Tajikistan,Tajikistan,Tajikistan,Tajikistan,"Tajikistan, Republic of",Asia,Asia,Europe,Europe,Medium,Medium,Eastern Europe and Central Asia,Eastern Europe and Central Asia,Europe & Central Asia,Lower middle income,IDA,Asia,AS,10590927,Not EEA,Central Asia,Not EU,Not EEA
TK,TKL,772,Tokelau (New Zealand),Tokelau (New Zealand),Tokelau,Tokelau,,Tokelau,Oceania,Oceania,Western Pacific,Western Pacific,,,Asia and developing Pacific,South-East Asia and Pacific,,,,Oceania,OC,,,,,
TM,TKM,795,Turkmenistan,Turkmenistan,Turkmenistan,Turkmenistan,Turkmenistan,Turkmenistan,Asia,Asia,Europe,Europe,High,High,Eastern Europe and Central Asia,Eastern Europe and Central Asia,Europe & Central Asia,Upper middle income,IBRD,Asia,AS,7494498,Not EEA,Central Asia,Not EU,Not EEA
TL,TLS,626,Timor-Leste,Timor-Leste,Timor-Leste,Timor-Leste,Timor-Leste,"Timor-Leste, Democratic Republic of",SIDS,SIDS,South-East Asia,South-East Asia,Medium,Medium,Asia and developing Pacific,South-East Asia and Pacific,East Asia & Pacific,Lower middle income,Blend,Asia,AS,1400638,,,,
TO,TON,776,Tonga,Tonga,Tonga,Tonga,Tonga,"Tonga, Kingdom of",SIDS,SIDS,Western Pacific,Western Pacific,High,High,Asia and developing Pacific,South-East Asia and Pacific,East Asia & Pacific,Upper middle income,IDA,Oceania,OC,104175,,,,
TT,TTO,780,Trinidad and Tobago,Trinidad and Tobago,Trinidad and Tobago,Trinidad and Tobago,Trinidad and Tobago,"Trinidad and Tobago, Republic of",SIDS,SIDS,Americas,Americas,Very High,Very High,Latin America and Caribbean,Latin America and Caribbean,Latin America & Caribbean,High income,IBRD,North America,NA,1368333,,,,
TN,TUN,788,Tunisia,Tunisia,Tunisia,Tunisia,Tunisia,"Tunisia, Tunisian Republic",Africa,Africa,Eastern Mediterranean,Eastern Mediterranean,High,High,Africa,Africa,"Middle East, North Africa, Afghanistan & Pakistan",Lower middle income,IBRD,Africa,AF,12277109,,,,
TR,TUR,792,Türkiye,Türkiye,Turkey,Turkey,Türkiye,"Turkey, Republic of",Asia,Asia,Europe,Europe,Very High,Very High,Developed Countries,Europe,Europe & Central Asia,Upper middle income,IBRD,Europe,EU,85518661,Southern,Western Asia ,Candidate,Member
TR,TUR,792,Türkiye,Türkiye,Turkey,Turkey,Türkiye,"Turkey, Republic of",Asia,Asia,Europe,Europe,Very High,Very High,Developed Countries,Europe,Europe & Central Asia,Upper middle income,IBRD,Europe,EU,85518661,Southern,Western Asia ,Candidate,Member
TR,TUR,792,Türkiye,Türkiye,Turkey,Turkey,Türkiye,"Turkey, Republic of",Asia,Asia,Europe,Europe,Very High,Very High,Developed Countries,Europe,Europe & Central Asia,Upper middle income,IBRD,Asia,AS,85518661,Southern,Western Asia ,Candidate,Member
TR,TUR,792,Türkiye,Türkiye,Turkey,Turkey,Türkiye,"Turkey, Republic of",Asia,Asia,Europe,Europe,Very High,Very High,Developed Countries,Europe,Europe & Central Asia,Upper middle income,IBRD,Asia,AS,85518661,Southern,Western Asia ,Candidate,Member
TV,TUV,798,Tuvalu,Tuvalu,Tuvalu,Tuvalu,Tuvalu,Tuvalu,SIDS,SIDS,Western Pacific,Western Pacific,Medium,Medium,Asia and developing Pacific,South-East Asia and Pacific,East Asia & Pacific,Upper middle income,IDA,Oceania,OC,9646,,,,
TW,TWN,158,,,"Taiwan, China",Taiwan (Province of China),"Taiwan, China",Taiwan,,,,,,,Asia and developing Pacific,Eastern Asia,East Asia & Pacific,High income,,Asia,AS,,,,,
TZ,TZA,834,United Republic of Tanzania,United Republic of Tanzania,Tanzania,"Tanzania, United Republic of",Tanzania,"Tanzania, United Republic of",Africa,Africa,Africa,Africa,Low,Medium,Africa,Africa,Sub-Saharan Africa,Lower middle income,IDA,Africa,AF,68560157,,,,
UG,UGA,800,Uganda,Uganda,Uganda,Uganda,Uganda,"Uganda, Republic of",Africa,Africa,Africa,Africa,Medium,Medium,Africa,Africa,Sub-Saharan Africa,Low income,IDA,Africa,AF,50015092,,,,
UA,UKR,804,Ukraine,Ukraine,Ukraine,Ukraine,Ukraine,Ukraine,Europe,Europe,Europe,Europe,High,High,Eastern Europe and Central Asia,Eastern Europe and Central Asia,Europe & Central Asia,Upper middle income,IBRD,Europe,EU,37860221,Not EEA,Eastern Europe,Candidate,Not EEA
UM,UMI,581,,,United States Minor Outlying Islands,United States Minor Outlying Islands (the),,United States Minor Outlying Islands,,,,,,,Asia and developing Pacific,South-East Asia and Pacific,,,,North America,NA,,,,,
UY,URY,858,Uruguay,Uruguay,Uruguay,Uruguay,Uruguay,"Uruguay, Eastern Republic of",Latin America,Latin America,Americas,Americas,Very High,Very High,Latin America and Caribbean,Latin America and Caribbean,Latin America & Caribbean,High income,IBRD,South America,SA,3386588,,,,
US,USA,840,United States of America,United States of America,United States,United States of America (the),United States,United States of America,Northern America,Northern America,Americas,Americas,Very High,Very High,Developed Countries,North America,North America,High income,,North America,NA,340110988,,,,
UZ,UZB,860,Uzbekistan,Uzbekistan,Uzbekistan,Uzbekistan,Uzbekistan,"Uzbekistan, Republic of",Asia,Asia,Europe,Europe,High,High,Eastern Europe and Central Asia,Eastern Europe and Central Asia,Europe & Central Asia,Lower middle income,Blend,Asia,AS,36361859,Not EEA,Central Asia,Not EU,Not EEA
VA,VAT,336,,,Holy See,Holy See (the),,Holy See (Vatican City State),,,,,,,Developed Countries,Europe,,,,Europe,EU,,,,,
VC,VCT,670,Saint Vincent and the Grenadines,Saint Vincent and the Grenadines,St. Vincent and the Grenadines,Saint Vincent and the Grenadines,St. Vincent and the Grenadines,Saint Vincent and the Grenadines,SIDS,SIDS,Americas,Americas,High,High,Latin America and Caribbean,Latin America and Caribbean,Latin America & Caribbean,Upper middle income,Blend,North America,,100616,,,,
VE,VEN,862,Bolivarian Republic of Venezuela,Bolivarian Republic of Venezuela,"Venezuela, RB",Venezuela (Bolivarian Republic of),"Venezuela, RB","Venezuela, Bolivarian Republic of",Latin America,Latin America,Americas,Americas,Medium,High,Latin America and Caribbean,Latin America and Caribbean,Latin America & Caribbean,,IBRD,South America,SA,28405543,,,,
VG,VGB,92,British Virgin Islands,British Virgin Islands,British Virgin Islands,Virgin Islands (British),British Virgin Islands,British Virgin Islands,SIDS,SIDS,Americas,Americas,,,Latin America and Caribbean,Latin America and Caribbean,Latin America & Caribbean,High income,,North America,,39471,,,,
VI,VIR,850,US Virgin Islands,US Virgin Islands,Virgin Islands (U.S.),Virgin Islands (U.S.),Virgin Islands (U.S.),United States Virgin Islands,SIDS,SIDS,,,,,Latin America and Caribbean,Latin America and Caribbean,Latin America & Caribbean,High income,,North America,,104377,,,,
VN,VNM,704,Vietnam,Vietnam,Vietnam,Viet Nam,Vietnam,"Vietnam, Socialist Republic of",Asia,Asia,Western Pacific,Western Pacific,High,High,Asia and developing Pacific,South-East Asia and Pacific,East Asia & Pacific,Lower middle income,IBRD,Asia,AS,100987686,,,,
VU,VUT,548,Vanuatu,Vanuatu,Vanuatu,Vanuatu,Vanuatu,"Vanuatu, Republic of",SIDS,SIDS,Western Pacific,Western Pacific,Medium,Medium,Asia and developing Pacific,South-East Asia and Pacific,East Asia & Pacific,Lower middle income,IDA,Oceania,OC,327777,,,,
WF,WLF,876,Wallis and Futuna (France),Wallis and Futuna (France),Wallis and Futuna,Wallis and Futuna,,Wallis and Futuna,Oceania,Oceania,Western Pacific,Western Pacific,,,Asia and developing Pacific,South-East Asia and Pacific,,,,Oceania,OC,,,,,
WS,WSM,882,Samoa,Samoa,Samoa,Samoa,Samoa,"Samoa, Independent State of",SIDS,SIDS,Western Pacific,Western Pacific,High,High,Asia and developing Pacific,South-East Asia and Pacific,East Asia & Pacific,Upper middle income,IDA,Oceania,OC,218019,,,,
,XKX,,,,,,Kosovo,,,,,,,,,,Europe & Central Asia,Upper middle income,IDA,,,,,,,
YE,YEM,887,Yemen,Yemen,Yemen,"Yemen, Rep.","Yemen, Rep.",Yemen,Asia,Asia,Eastern Mediterranean,Eastern Mediterranean,Low,Low,Middle East,Middle East,"Middle East, North Africa, Afghanistan & Pakistan",Low income,IDA,Asia,AS,40583164,,,,
ZA,ZAF,710,South Africa,South Africa,South Africa,South Africa,South Africa,"South Africa, Republic of",Africa,Africa,Africa,Africa,High,High,Africa,Africa,Sub-Saharan Africa,Upper middle income,IBRD,Africa,AF,64007187,,,,
ZM,ZMB,894,Zambia,Zambia,Zambia,Zambia,Zambia,"Zambia, Republic of",Africa,Africa,Africa,Africa,Medium,Medium,Africa,Africa,Sub-Saharan Africa,Lower middle income,IDA,Africa,AF,21314956,,,,
ZW,ZWE,716,Zimbabwe,Zimbabwe,Zimbabwe,Zimbabwe,Zimbabwe,"Zimbabwe, Republic of",Africa,Africa,Africa,Africa,Medium,Medium,Africa,Africa,Sub-Saharan Africa,Lower middle income,Blend,Africa,AF,16634373,,,,
